County,Precinct,Office,District,Candidate,Party,Early,Poll,Total
Peoria,AK001,Assembly,73,DAVID R. LEITCH,REP,127,345,472
Peoria,BR001,Assembly,73,DAVID R. LEITCH,REP,108,345,453
Peoria,CH001,Assembly,73,DAVID R. LEITCH,REP,292,460,752
Peoria,CH002,Assembly,73,DAVID R. LEITCH,REP,212,411,623
Peoria,CH003,Assembly,73,DAVID R. LEITCH,REP,119,351,470
Peoria,CH004,Assembly,73,DAVID R. LEITCH,REP,159,422,581
Peoria,CH005,Assembly,73,DAVID R. LEITCH,REP,223,467,690
Peoria,EL001,Assembly,73,DAVID R. LEITCH,REP,79,213,292
Peoria,EL002,Assembly,73,DAVID R. LEITCH,REP,96,256,352
Peoria,EL003,Assembly,73,DAVID R. LEITCH,REP,97,278,375
Peoria,HA001,Assembly,73,DAVID R. LEITCH,REP,288,527,815
Peoria,JU001,Assembly,73,DAVID R. LEITCH,REP,346,532,878
Peoria,KI001,Assembly,73,DAVID R. LEITCH,REP,98,90,188
Peoria,LI002,Assembly,73,DAVID R. LEITCH,REP,94,120,214
Peoria,LI003,Assembly,73,DAVID R. LEITCH,REP,33,119,152
Peoria,LI011,Assembly,73,DAVID R. LEITCH,REP,17,12,29
Peoria,LI013,Assembly,73,DAVID R. LEITCH,REP,232,466,698
Peoria,LI014,Assembly,73,DAVID R. LEITCH,REP,246,357,603
Peoria,LO001,Assembly,73,DAVID R. LEITCH,REP,208,394,602
Peoria,LO002,Assembly,73,DAVID R. LEITCH,REP,243,525,768
Peoria,ME001,Assembly,73,DAVID R. LEITCH,REP,216,370,586
Peoria,ME002,Assembly,73,DAVID R. LEITCH,REP,174,323,497
Peoria,ME003,Assembly,73,DAVID R. LEITCH,REP,420,389,809
Peoria,ME004,Assembly,73,DAVID R. LEITCH,REP,360,287,647
Peoria,ME005,Assembly,73,DAVID R. LEITCH,REP,116,335,451
Peoria,MI001,Assembly,73,DAVID R. LEITCH,REP,18,181,199
Peoria,PR001,Assembly,73,DAVID R. LEITCH,REP,142,436,578
Peoria,RA001,Assembly,73,DAVID R. LEITCH,REP,486,406,892
Peoria,RA002,Assembly,73,DAVID R. LEITCH,REP,307,236,543
Peoria,RI001,Assembly,73,DAVID R. LEITCH,REP,14,2,16
Peoria,RI002,Assembly,73,DAVID R. LEITCH,REP,2,0,2
Peoria,RO001,Assembly,73,DAVID R. LEITCH,REP,151,411,562
Peoria,TR001,Assembly,73,DAVID R. LEITCH,REP,87,362,449
Peoria,KI001,Assembly,92,JEHAN GORDON,DEM,167,91,258
Peoria,KI002,Assembly,92,JEHAN GORDON,DEM,73,158,231
Peoria,LI001,Assembly,92,JEHAN GORDON,DEM,109,243,352
Peoria,LI002,Assembly,92,JEHAN GORDON,DEM,106,106,212
Peoria,LI003,Assembly,92,JEHAN GORDON,DEM,15,0,15
Peoria,LI004,Assembly,92,JEHAN GORDON,DEM,116,228,344
Peoria,LI005,Assembly,92,JEHAN GORDON,DEM,107,257,364
Peoria,LI007,Assembly,92,JEHAN GORDON,DEM,36,79,115
Peoria,LI011,Assembly,92,JEHAN GORDON,DEM,0,6,6
Peoria,LI012,Assembly,92,JEHAN GORDON,DEM,170,219,389
Peoria,RI003,Assembly,92,JEHAN GORDON,DEM,109,191,300
Peoria,RI004,Assembly,92,JEHAN GORDON,DEM,74,197,271
Peoria,WP001,Assembly,92,JEHAN GORDON,DEM,95,109,204
Peoria,WP002,Assembly,92,JEHAN GORDON,DEM,127,101,228
Peoria,WP003,Assembly,92,JEHAN GORDON,DEM,132,116,248
Peoria,WP004,Assembly,92,JEHAN GORDON,DEM,106,140,246
Peoria,KI001,Assembly,92,JOAN GORE KRUPA,REP,284,351,635
Peoria,KI002,Assembly,92,JOAN GORE KRUPA,REP,59,197,256
Peoria,LI001,Assembly,92,JOAN GORE KRUPA,REP,113,291,404
Peoria,LI002,Assembly,92,JOAN GORE KRUPA,REP,96,141,237
Peoria,LI003,Assembly,92,JOAN GORE KRUPA,REP,12,0,12
Peoria,LI004,Assembly,92,JOAN GORE KRUPA,REP,123,225,348
Peoria,LI005,Assembly,92,JOAN GORE KRUPA,REP,55,133,188
Peoria,LI007,Assembly,92,JOAN GORE KRUPA,REP,27,100,127
Peoria,LI011,Assembly,92,JOAN GORE KRUPA,REP,1,15,16
Peoria,LI012,Assembly,92,JOAN GORE KRUPA,REP,158,349,507
Peoria,RI003,Assembly,92,JOAN GORE KRUPA,REP,94,223,317
Peoria,RI004,Assembly,92,JOAN GORE KRUPA,REP,63,245,308
Peoria,WP001,Assembly,92,JOAN GORE KRUPA,REP,93,88,181
Peoria,WP002,Assembly,92,JOAN GORE KRUPA,REP,168,161,329
Peoria,WP003,Assembly,92,JOAN GORE KRUPA,REP,135,172,307
Peoria,WP004,Assembly,92,JOAN GORE KRUPA,REP,145,156,301
Peoria,HO001,Assembly,91,MICHAEL K. SMITH,DEM,128,387,515
Peoria,HO002,Assembly,91,MICHAEL K. SMITH,DEM,100,204,304
Peoria,LI006,Assembly,91,MICHAEL K. SMITH,DEM,1,2,3
Peoria,LI008,Assembly,91,MICHAEL K. SMITH,DEM,118,152,270
Peoria,LI009,Assembly,91,MICHAEL K. SMITH,DEM,93,327,420
Peoria,LI010,Assembly,91,MICHAEL K. SMITH,DEM,161,431,592
Peoria,LI011,Assembly,91,MICHAEL K. SMITH,DEM,213,419,632
Peoria,LI012,Assembly,91,MICHAEL K. SMITH,DEM,1,5,6
Peoria,LI013,Assembly,91,MICHAEL K. SMITH,DEM,23,17,40
Peoria,TI001,Assembly,91,MICHAEL K. SMITH,DEM,63,406,469
Peoria,TI002,Assembly,91,MICHAEL K. SMITH,DEM,120,364,484
Peoria,AK001,President,,BARACK OBAMA ,DEM,70,112,182
Peoria,BR001,President,,BARACK OBAMA ,DEM,89,211,300
Peoria,CH001,President,,BARACK OBAMA ,DEM,187,268,455
Peoria,CH002,President,,BARACK OBAMA ,DEM,144,212,356
Peoria,CH003,President,,BARACK OBAMA ,DEM,92,230,322
Peoria,CH004,President,,BARACK OBAMA ,DEM,113,293,406
Peoria,CH005,President,,BARACK OBAMA ,DEM,170,296,466
Peoria,EL001,President,,BARACK OBAMA ,DEM,60,131,191
Peoria,EL002,President,,BARACK OBAMA ,DEM,64,169,233
Peoria,EL003,President,,BARACK OBAMA ,DEM,66,154,220
Peoria,HA001,President,,BARACK OBAMA ,DEM,146,214,360
Peoria,HO001,President,,BARACK OBAMA ,DEM,97,217,314
Peoria,HO002,President,,BARACK OBAMA ,DEM,70,109,179
Peoria,JU001,President,,BARACK OBAMA ,DEM,153,203,356
Peoria,KI001,President,,BARACK OBAMA ,DEM,270,218,488
Peoria,KI002,President,,BARACK OBAMA ,DEM,91,193,284
Peoria,LI001,President,,BARACK OBAMA ,DEM,133,335,468
Peoria,LI002,President,,BARACK OBAMA ,DEM,173,200,373
Peoria,LI003,President,,BARACK OBAMA ,DEM,32,73,105
Peoria,LI004,President,,BARACK OBAMA ,DEM,164,279,443
Peoria,LI005,President,,BARACK OBAMA ,DEM,109,275,384
Peoria,LI006,President,,BARACK OBAMA ,DEM,107,162,269
Peoria,LI007,President,,BARACK OBAMA ,DEM,39,100,139
Peoria,LI008,President,,BARACK OBAMA ,DEM,160,183,343
Peoria,LI009,President,,BARACK OBAMA ,DEM,75,255,330
Peoria,LI010,President,,BARACK OBAMA ,DEM,104,310,414
Peoria,LI011,President,,BARACK OBAMA ,DEM,175,319,494
Peoria,LI012,President,,BARACK OBAMA ,DEM,214,326,540
Peoria,LI013,President,,BARACK OBAMA ,DEM,157,265,422
Peoria,LI014,President,,BARACK OBAMA ,DEM,187,211,398
Peoria,LO001,President,,BARACK OBAMA ,DEM,134,192,326
Peoria,LO002,President,,BARACK OBAMA ,DEM,193,293,486
Peoria,ME001,President,,BARACK OBAMA ,DEM,117,184,301
Peoria,ME002,President,,BARACK OBAMA ,DEM,93,150,243
Peoria,ME003,President,,BARACK OBAMA ,DEM,177,161,338
Peoria,ME004,President,,BARACK OBAMA ,DEM,156,94,250
Peoria,ME005,President,,BARACK OBAMA ,DEM,82,216,298
Peoria,MI001,President,,BARACK OBAMA ,DEM,11,100,111
Peoria,PR001,President,,BARACK OBAMA ,DEM,102,240,342
Peoria,RA001,President,,BARACK OBAMA ,DEM,245,150,395
Peoria,RA002,President,,BARACK OBAMA ,DEM,129,77,206
Peoria,RI001,President,,BARACK OBAMA ,DEM,125,207,332
Peoria,RI002,President,,BARACK OBAMA ,DEM,195,236,431
Peoria,RI003,President,,BARACK OBAMA ,DEM,145,263,408
Peoria,RI004,President,,BARACK OBAMA ,DEM,97,273,370
Peoria,RO001,President,,BARACK OBAMA ,DEM,69,185,254
Peoria,TI001,President,,BARACK OBAMA ,DEM,44,255,299
Peoria,TI002,President,,BARACK OBAMA ,DEM,87,225,312
Peoria,TR001,President,,BARACK OBAMA ,DEM,36,197,233
Peoria,WP001,President,,BARACK OBAMA ,DEM,124,142,266
Peoria,WP002,President,,BARACK OBAMA ,DEM,189,151,340
Peoria,WP003,President,,BARACK OBAMA ,DEM,196,176,372
Peoria,WP004,President,,BARACK OBAMA ,DEM,168,193,361
Peoria,AK001,President,,BOB BARR,LBT,1,1,2
Peoria,BR001,President,,BOB BARR,LBT,0,0,0
Peoria,CH001,President,,BOB BARR,LBT,1,4,5
Peoria,CH002,President,,BOB BARR,LBT,0,5,5
Peoria,CH003,President,,BOB BARR,LBT,0,2,2
Peoria,CH004,President,,BOB BARR,LBT,0,2,2
Peoria,CH005,President,,BOB BARR,LBT,0,0,0
Peoria,EL001,President,,BOB BARR,LBT,0,2,2
Peoria,EL002,President,,BOB BARR,LBT,0,0,0
Peoria,EL003,President,,BOB BARR,LBT,1,1,2
Peoria,HA001,President,,BOB BARR,LBT,2,4,6
Peoria,HO001,President,,BOB BARR,LBT,1,2,3
Peoria,HO002,President,,BOB BARR,LBT,1,2,3
Peoria,JU001,President,,BOB BARR,LBT,3,3,6
Peoria,KI001,President,,BOB BARR,LBT,2,3,5
Peoria,KI002,President,,BOB BARR,LBT,1,4,5
Peoria,LI001,President,,BOB BARR,LBT,2,1,3
Peoria,LI002,President,,BOB BARR,LBT,1,3,4
Peoria,LI003,President,,BOB BARR,LBT,0,0,0
Peoria,LI004,President,,BOB BARR,LBT,0,6,6
Peoria,LI005,President,,BOB BARR,LBT,0,1,1
Peoria,LI006,President,,BOB BARR,LBT,1,1,2
Peoria,LI007,President,,BOB BARR,LBT,0,5,5
Peoria,LI008,President,,BOB BARR,LBT,0,2,2
Peoria,LI009,President,,BOB BARR,LBT,0,6,6
Peoria,LI010,President,,BOB BARR,LBT,1,3,4
Peoria,LI011,President,,BOB BARR,LBT,1,1,2
Peoria,LI012,President,,BOB BARR,LBT,0,5,5
Peoria,LI013,President,,BOB BARR,LBT,0,0,0
Peoria,LI014,President,,BOB BARR,LBT,0,4,4
Peoria,LO001,President,,BOB BARR,LBT,1,2,3
Peoria,LO002,President,,BOB BARR,LBT,0,2,2
Peoria,ME001,President,,BOB BARR,LBT,0,1,1
Peoria,ME002,President,,BOB BARR,LBT,2,2,4
Peoria,ME003,President,,BOB BARR,LBT,3,1,4
Peoria,ME004,President,,BOB BARR,LBT,1,3,4
Peoria,ME005,President,,BOB BARR,LBT,1,6,7
Peoria,MI001,President,,BOB BARR,LBT,0,0,0
Peoria,PR001,President,,BOB BARR,LBT,1,3,4
Peoria,RA001,President,,BOB BARR,LBT,1,6,7
Peoria,RA002,President,,BOB BARR,LBT,4,2,6
Peoria,RI001,President,,BOB BARR,LBT,1,2,3
Peoria,RI002,President,,BOB BARR,LBT,2,4,6
Peoria,RI003,President,,BOB BARR,LBT,0,1,1
Peoria,RI004,President,,BOB BARR,LBT,0,0,0
Peoria,RO001,President,,BOB BARR,LBT,1,4,5
Peoria,TI001,President,,BOB BARR,LBT,0,2,2
Peoria,TI002,President,,BOB BARR,LBT,0,4,4
Peoria,TR001,President,,BOB BARR,LBT,0,2,2
Peoria,WP001,President,,BOB BARR,LBT,0,1,1
Peoria,WP002,President,,BOB BARR,LBT,3,0,3
Peoria,WP003,President,,BOB BARR,LBT,3,2,5
Peoria,WP004,President,,BOB BARR,LBT,0,2,2
Peoria,AK001,President,,CHARLES O. BALDWIN,CON,2,0,2
Peoria,BR001,President,,CHARLES O. BALDWIN,CON,0,1,1
Peoria,CH001,President,,CHARLES O. BALDWIN,CON,0,2,2
Peoria,CH002,President,,CHARLES O. BALDWIN,CON,0,2,2
Peoria,CH003,President,,CHARLES O. BALDWIN,CON,0,2,2
Peoria,CH004,President,,CHARLES O. BALDWIN,CON,0,1,1
Peoria,CH005,President,,CHARLES O. BALDWIN,CON,0,1,1
Peoria,EL001,President,,CHARLES O. BALDWIN,CON,0,1,1
Peoria,EL002,President,,CHARLES O. BALDWIN,CON,0,0,0
Peoria,EL003,President,,CHARLES O. BALDWIN,CON,0,1,1
Peoria,HA001,President,,CHARLES O. BALDWIN,CON,0,3,3
Peoria,HO001,President,,CHARLES O. BALDWIN,CON,0,1,1
Peoria,HO002,President,,CHARLES O. BALDWIN,CON,0,1,1
Peoria,JU001,President,,CHARLES O. BALDWIN,CON,0,1,1
Peoria,KI001,President,,CHARLES O. BALDWIN,CON,0,0,0
Peoria,KI002,President,,CHARLES O. BALDWIN,CON,0,1,1
Peoria,LI001,President,,CHARLES O. BALDWIN,CON,0,0,0
Peoria,LI002,President,,CHARLES O. BALDWIN,CON,0,1,1
Peoria,LI003,President,,CHARLES O. BALDWIN,CON,0,0,0
Peoria,LI004,President,,CHARLES O. BALDWIN,CON,1,1,2
Peoria,LI005,President,,CHARLES O. BALDWIN,CON,0,0,0
Peoria,LI006,President,,CHARLES O. BALDWIN,CON,1,0,1
Peoria,LI007,President,,CHARLES O. BALDWIN,CON,0,5,5
Peoria,LI008,President,,CHARLES O. BALDWIN,CON,0,2,2
Peoria,LI009,President,,CHARLES O. BALDWIN,CON,0,0,0
Peoria,LI010,President,,CHARLES O. BALDWIN,CON,0,1,1
Peoria,LI011,President,,CHARLES O. BALDWIN,CON,0,0,0
Peoria,LI012,President,,CHARLES O. BALDWIN,CON,0,0,0
Peoria,LI013,President,,CHARLES O. BALDWIN,CON,0,0,0
Peoria,LI014,President,,CHARLES O. BALDWIN,CON,0,0,0
Peoria,LO001,President,,CHARLES O. BALDWIN,CON,1,0,1
Peoria,LO002,President,,CHARLES O. BALDWIN,CON,0,2,2
Peoria,ME001,President,,CHARLES O. BALDWIN,CON,1,1,2
Peoria,ME002,President,,CHARLES O. BALDWIN,CON,0,2,2
Peoria,ME003,President,,CHARLES O. BALDWIN,CON,0,1,1
Peoria,ME004,President,,CHARLES O. BALDWIN,CON,0,1,1
Peoria,ME005,President,,CHARLES O. BALDWIN,CON,0,0,0
Peoria,MI001,President,,CHARLES O. BALDWIN,CON,1,1,2
Peoria,PR001,President,,CHARLES O. BALDWIN,CON,0,1,1
Peoria,RA001,President,,CHARLES O. BALDWIN,CON,0,0,0
Peoria,RA002,President,,CHARLES O. BALDWIN,CON,2,1,3
Peoria,RI001,President,,CHARLES O. BALDWIN,CON,0,1,1
Peoria,RI002,President,,CHARLES O. BALDWIN,CON,0,3,3
Peoria,RI003,President,,CHARLES O. BALDWIN,CON,0,0,0
Peoria,RI004,President,,CHARLES O. BALDWIN,CON,0,0,0
Peoria,RO001,President,,CHARLES O. BALDWIN,CON,0,0,0
Peoria,TI001,President,,CHARLES O. BALDWIN,CON,0,1,1
Peoria,TI002,President,,CHARLES O. BALDWIN,CON,0,1,1
Peoria,TR001,President,,CHARLES O. BALDWIN,CON,0,0,0
Peoria,WP001,President,,CHARLES O. BALDWIN,CON,0,2,2
Peoria,WP002,President,,CHARLES O. BALDWIN,CON,0,0,0
Peoria,WP003,President,,CHARLES O. BALDWIN,CON,0,1,1
Peoria,WP004,President,,CHARLES O. BALDWIN,CON,0,4,4
Peoria,AK001,President,,CYNTHIA MCKINNEY ,GRN,0,0,0
Peoria,BR001,President,,CYNTHIA MCKINNEY ,GRN,2,0,2
Peoria,CH001,President,,CYNTHIA MCKINNEY ,GRN,1,0,1
Peoria,CH002,President,,CYNTHIA MCKINNEY ,GRN,3,3,6
Peoria,CH003,President,,CYNTHIA MCKINNEY ,GRN,0,1,1
Peoria,CH004,President,,CYNTHIA MCKINNEY ,GRN,1,2,3
Peoria,CH005,President,,CYNTHIA MCKINNEY ,GRN,1,1,2
Peoria,EL001,President,,CYNTHIA MCKINNEY ,GRN,0,2,2
Peoria,EL002,President,,CYNTHIA MCKINNEY ,GRN,0,2,2
Peoria,EL003,President,,CYNTHIA MCKINNEY ,GRN,0,1,1
Peoria,HA001,President,,CYNTHIA MCKINNEY ,GRN,3,1,4
Peoria,HO001,President,,CYNTHIA MCKINNEY ,GRN,0,1,1
Peoria,HO002,President,,CYNTHIA MCKINNEY ,GRN,0,1,1
Peoria,JU001,President,,CYNTHIA MCKINNEY ,GRN,1,0,1
Peoria,KI001,President,,CYNTHIA MCKINNEY ,GRN,1,4,5
Peoria,KI002,President,,CYNTHIA MCKINNEY ,GRN,0,3,3
Peoria,LI001,President,,CYNTHIA MCKINNEY ,GRN,1,1,2
Peoria,LI002,President,,CYNTHIA MCKINNEY ,GRN,1,1,2
Peoria,LI003,President,,CYNTHIA MCKINNEY ,GRN,0,0,0
Peoria,LI004,President,,CYNTHIA MCKINNEY ,GRN,0,3,3
Peoria,LI005,President,,CYNTHIA MCKINNEY ,GRN,0,2,2
Peoria,LI006,President,,CYNTHIA MCKINNEY ,GRN,0,2,2
Peoria,LI007,President,,CYNTHIA MCKINNEY ,GRN,0,1,1
Peoria,LI008,President,,CYNTHIA MCKINNEY ,GRN,0,0,0
Peoria,LI009,President,,CYNTHIA MCKINNEY ,GRN,1,0,1
Peoria,LI010,President,,CYNTHIA MCKINNEY ,GRN,2,0,2
Peoria,LI011,President,,CYNTHIA MCKINNEY ,GRN,1,1,2
Peoria,LI012,President,,CYNTHIA MCKINNEY ,GRN,2,1,3
Peoria,LI013,President,,CYNTHIA MCKINNEY ,GRN,2,2,4
Peoria,LI014,President,,CYNTHIA MCKINNEY ,GRN,1,1,2
Peoria,LO001,President,,CYNTHIA MCKINNEY ,GRN,0,5,5
Peoria,LO002,President,,CYNTHIA MCKINNEY ,GRN,1,3,4
Peoria,ME001,President,,CYNTHIA MCKINNEY ,GRN,0,1,1
Peoria,ME002,President,,CYNTHIA MCKINNEY ,GRN,0,3,3
Peoria,ME003,President,,CYNTHIA MCKINNEY ,GRN,0,3,3
Peoria,ME004,President,,CYNTHIA MCKINNEY ,GRN,1,0,1
Peoria,ME005,President,,CYNTHIA MCKINNEY ,GRN,1,0,1
Peoria,MI001,President,,CYNTHIA MCKINNEY ,GRN,0,0,0
Peoria,PR001,President,,CYNTHIA MCKINNEY ,GRN,0,1,1
Peoria,RA001,President,,CYNTHIA MCKINNEY ,GRN,2,1,3
Peoria,RA002,President,,CYNTHIA MCKINNEY ,GRN,1,0,1
Peoria,RI001,President,,CYNTHIA MCKINNEY ,GRN,1,3,4
Peoria,RI002,President,,CYNTHIA MCKINNEY ,GRN,1,2,3
Peoria,RI003,President,,CYNTHIA MCKINNEY ,GRN,0,1,1
Peoria,RI004,President,,CYNTHIA MCKINNEY ,GRN,1,4,5
Peoria,RO001,President,,CYNTHIA MCKINNEY ,GRN,1,0,1
Peoria,TI001,President,,CYNTHIA MCKINNEY ,GRN,0,2,2
Peoria,TI002,President,,CYNTHIA MCKINNEY ,GRN,0,2,2
Peoria,TR001,President,,CYNTHIA MCKINNEY ,GRN,0,1,1
Peoria,WP001,President,,CYNTHIA MCKINNEY ,GRN,0,4,4
Peoria,WP002,President,,CYNTHIA MCKINNEY ,GRN,1,1,2
Peoria,WP003,President,,CYNTHIA MCKINNEY ,GRN,3,1,4
Peoria,WP004,President,,CYNTHIA MCKINNEY ,GRN,1,0,1
Peoria,AK001,President,,DONALD K. ALLEN (W),,0,0,0
Peoria,BR001,President,,DONALD K. ALLEN (W),,0,0,0
Peoria,CH001,President,,DONALD K. ALLEN (W),,0,0,0
Peoria,CH002,President,,DONALD K. ALLEN (W),,0,0,0
Peoria,CH003,President,,DONALD K. ALLEN (W),,0,0,0
Peoria,CH004,President,,DONALD K. ALLEN (W),,0,0,0
Peoria,CH005,President,,DONALD K. ALLEN (W),,0,0,0
Peoria,EL001,President,,DONALD K. ALLEN (W),,0,1,1
Peoria,EL002,President,,DONALD K. ALLEN (W),,0,0,0
Peoria,EL003,President,,DONALD K. ALLEN (W),,0,0,0
Peoria,HA001,President,,DONALD K. ALLEN (W),,0,0,0
Peoria,HO001,President,,DONALD K. ALLEN (W),,0,0,0
Peoria,HO002,President,,DONALD K. ALLEN (W),,0,0,0
Peoria,JU001,President,,DONALD K. ALLEN (W),,0,0,0
Peoria,KI001,President,,DONALD K. ALLEN (W),,0,0,0
Peoria,KI002,President,,DONALD K. ALLEN (W),,0,0,0
Peoria,LI001,President,,DONALD K. ALLEN (W),,0,0,0
Peoria,LI002,President,,DONALD K. ALLEN (W),,0,0,0
Peoria,LI003,President,,DONALD K. ALLEN (W),,0,0,0
Peoria,LI004,President,,DONALD K. ALLEN (W),,0,0,0
Peoria,LI005,President,,DONALD K. ALLEN (W),,0,0,0
Peoria,LI006,President,,DONALD K. ALLEN (W),,0,0,0
Peoria,LI007,President,,DONALD K. ALLEN (W),,0,0,0
Peoria,LI008,President,,DONALD K. ALLEN (W),,0,0,0
Peoria,LI009,President,,DONALD K. ALLEN (W),,0,0,0
Peoria,LI010,President,,DONALD K. ALLEN (W),,0,0,0
Peoria,LI011,President,,DONALD K. ALLEN (W),,0,0,0
Peoria,LI012,President,,DONALD K. ALLEN (W),,0,0,0
Peoria,LI013,President,,DONALD K. ALLEN (W),,0,0,0
Peoria,LI014,President,,DONALD K. ALLEN (W),,0,0,0
Peoria,LO001,President,,DONALD K. ALLEN (W),,0,0,0
Peoria,LO002,President,,DONALD K. ALLEN (W),,0,0,0
Peoria,ME001,President,,DONALD K. ALLEN (W),,0,0,0
Peoria,ME002,President,,DONALD K. ALLEN (W),,0,0,0
Peoria,ME003,President,,DONALD K. ALLEN (W),,0,0,0
Peoria,ME004,President,,DONALD K. ALLEN (W),,0,0,0
Peoria,ME005,President,,DONALD K. ALLEN (W),,0,0,0
Peoria,MI001,President,,DONALD K. ALLEN (W),,0,0,0
Peoria,PR001,President,,DONALD K. ALLEN (W),,0,0,0
Peoria,RA001,President,,DONALD K. ALLEN (W),,0,0,0
Peoria,RA002,President,,DONALD K. ALLEN (W),,0,0,0
Peoria,RI001,President,,DONALD K. ALLEN (W),,0,0,0
Peoria,RI002,President,,DONALD K. ALLEN (W),,0,0,0
Peoria,RI003,President,,DONALD K. ALLEN (W),,0,0,0
Peoria,RI004,President,,DONALD K. ALLEN (W),,0,0,0
Peoria,RO001,President,,DONALD K. ALLEN (W),,0,0,0
Peoria,TI001,President,,DONALD K. ALLEN (W),,0,0,0
Peoria,TI002,President,,DONALD K. ALLEN (W),,0,0,0
Peoria,TR001,President,,DONALD K. ALLEN (W),,0,0,0
Peoria,WP001,President,,DONALD K. ALLEN (W),,0,0,0
Peoria,WP002,President,,DONALD K. ALLEN (W),,0,0,0
Peoria,WP003,President,,DONALD K. ALLEN (W),,0,0,0
Peoria,WP004,President,,DONALD K. ALLEN (W),,0,0,0
Peoria,AK001,President,,JOHN JOSEPH POLACHEK,NEW,0,0,0
Peoria,BR001,President,,JOHN JOSEPH POLACHEK,NEW,0,0,0
Peoria,CH001,President,,JOHN JOSEPH POLACHEK,NEW,0,1,1
Peoria,CH002,President,,JOHN JOSEPH POLACHEK,NEW,0,0,0
Peoria,CH003,President,,JOHN JOSEPH POLACHEK,NEW,0,0,0
Peoria,CH004,President,,JOHN JOSEPH POLACHEK,NEW,0,0,0
Peoria,CH005,President,,JOHN JOSEPH POLACHEK,NEW,0,0,0
Peoria,EL001,President,,JOHN JOSEPH POLACHEK,NEW,0,0,0
Peoria,EL002,President,,JOHN JOSEPH POLACHEK,NEW,1,0,1
Peoria,EL003,President,,JOHN JOSEPH POLACHEK,NEW,0,0,0
Peoria,HA001,President,,JOHN JOSEPH POLACHEK,NEW,0,0,0
Peoria,HO001,President,,JOHN JOSEPH POLACHEK,NEW,0,0,0
Peoria,HO002,President,,JOHN JOSEPH POLACHEK,NEW,0,0,0
Peoria,JU001,President,,JOHN JOSEPH POLACHEK,NEW,0,0,0
Peoria,KI001,President,,JOHN JOSEPH POLACHEK,NEW,0,0,0
Peoria,KI002,President,,JOHN JOSEPH POLACHEK,NEW,0,0,0
Peoria,LI001,President,,JOHN JOSEPH POLACHEK,NEW,1,0,1
Peoria,LI002,President,,JOHN JOSEPH POLACHEK,NEW,2,0,2
Peoria,LI003,President,,JOHN JOSEPH POLACHEK,NEW,0,1,1
Peoria,LI004,President,,JOHN JOSEPH POLACHEK,NEW,0,0,0
Peoria,LI005,President,,JOHN JOSEPH POLACHEK,NEW,0,1,1
Peoria,LI006,President,,JOHN JOSEPH POLACHEK,NEW,1,0,1
Peoria,LI007,President,,JOHN JOSEPH POLACHEK,NEW,0,0,0
Peoria,LI008,President,,JOHN JOSEPH POLACHEK,NEW,0,0,0
Peoria,LI009,President,,JOHN JOSEPH POLACHEK,NEW,0,0,0
Peoria,LI010,President,,JOHN JOSEPH POLACHEK,NEW,0,0,0
Peoria,LI011,President,,JOHN JOSEPH POLACHEK,NEW,0,0,0
Peoria,LI012,President,,JOHN JOSEPH POLACHEK,NEW,0,0,0
Peoria,LI013,President,,JOHN JOSEPH POLACHEK,NEW,0,0,0
Peoria,LI014,President,,JOHN JOSEPH POLACHEK,NEW,0,0,0
Peoria,LO001,President,,JOHN JOSEPH POLACHEK,NEW,0,1,1
Peoria,LO002,President,,JOHN JOSEPH POLACHEK,NEW,0,0,0
Peoria,ME001,President,,JOHN JOSEPH POLACHEK,NEW,0,0,0
Peoria,ME002,President,,JOHN JOSEPH POLACHEK,NEW,0,0,0
Peoria,ME003,President,,JOHN JOSEPH POLACHEK,NEW,0,2,2
Peoria,ME004,President,,JOHN JOSEPH POLACHEK,NEW,0,0,0
Peoria,ME005,President,,JOHN JOSEPH POLACHEK,NEW,0,0,0
Peoria,MI001,President,,JOHN JOSEPH POLACHEK,NEW,0,0,0
Peoria,PR001,President,,JOHN JOSEPH POLACHEK,NEW,0,0,0
Peoria,RA001,President,,JOHN JOSEPH POLACHEK,NEW,0,0,0
Peoria,RA002,President,,JOHN JOSEPH POLACHEK,NEW,0,0,0
Peoria,RI001,President,,JOHN JOSEPH POLACHEK,NEW,0,0,0
Peoria,RI002,President,,JOHN JOSEPH POLACHEK,NEW,1,0,1
Peoria,RI003,President,,JOHN JOSEPH POLACHEK,NEW,0,0,0
Peoria,RI004,President,,JOHN JOSEPH POLACHEK,NEW,0,0,0
Peoria,RO001,President,,JOHN JOSEPH POLACHEK,NEW,0,0,0
Peoria,TI001,President,,JOHN JOSEPH POLACHEK,NEW,0,0,0
Peoria,TI002,President,,JOHN JOSEPH POLACHEK,NEW,0,1,1
Peoria,TR001,President,,JOHN JOSEPH POLACHEK,NEW,0,0,0
Peoria,WP001,President,,JOHN JOSEPH POLACHEK,NEW,1,1,2
Peoria,WP002,President,,JOHN JOSEPH POLACHEK,NEW,0,1,1
Peoria,WP003,President,,JOHN JOSEPH POLACHEK,NEW,0,0,0
Peoria,WP004,President,,JOHN JOSEPH POLACHEK,NEW,0,0,0
Peoria,AK001,President,,JOHN MCCAIN ,REP,89,273,362
Peoria,BR001,President,,JOHN MCCAIN ,REP,46,194,240
Peoria,CH001,President,,JOHN MCCAIN ,REP,153,234,387
Peoria,CH002,President,,JOHN MCCAIN ,REP,100,247,347
Peoria,CH003,President,,JOHN MCCAIN ,REP,64,189,253
Peoria,CH004,President,,JOHN MCCAIN ,REP,88,217,305
Peoria,CH005,President,,JOHN MCCAIN ,REP,111,267,378
Peoria,EL001,President,,JOHN MCCAIN ,REP,35,107,142
Peoria,EL002,President,,JOHN MCCAIN ,REP,58,143,201
Peoria,EL003,President,,JOHN MCCAIN ,REP,65,166,231
Peoria,HA001,President,,JOHN MCCAIN ,REP,178,375,553
Peoria,HO001,President,,JOHN MCCAIN ,REP,58,235,293
Peoria,HO002,President,,JOHN MCCAIN ,REP,44,138,182
Peoria,JU001,President,,JOHN MCCAIN ,REP,241,393,634
Peoria,KI001,President,,JOHN MCCAIN ,REP,301,327,628
Peoria,KI002,President,,JOHN MCCAIN ,REP,44,167,211
Peoria,LI001,President,,JOHN MCCAIN ,REP,85,213,298
Peoria,LI002,President,,JOHN MCCAIN ,REP,133,193,326
Peoria,LI003,President,,JOHN MCCAIN ,REP,37,79,116
Peoria,LI004,President,,JOHN MCCAIN ,REP,82,182,264
Peoria,LI005,President,,JOHN MCCAIN ,REP,57,122,179
Peoria,LI006,President,,JOHN MCCAIN ,REP,59,85,144
Peoria,LI007,President,,JOHN MCCAIN ,REP,24,74,98
Peoria,LI008,President,,JOHN MCCAIN ,REP,114,151,265
Peoria,LI009,President,,JOHN MCCAIN ,REP,36,137,173
Peoria,LI010,President,,JOHN MCCAIN ,REP,83,214,297
Peoria,LI011,President,,JOHN MCCAIN ,REP,96,209,305
Peoria,LI012,President,,JOHN MCCAIN ,REP,129,257,386
Peoria,LI013,President,,JOHN MCCAIN ,REP,148,291,439
Peoria,LI014,President,,JOHN MCCAIN ,REP,111,193,304
Peoria,LO001,President,,JOHN MCCAIN ,REP,116,272,388
Peoria,LO002,President,,JOHN MCCAIN ,REP,121,326,447
Peoria,ME001,President,,JOHN MCCAIN ,REP,138,245,383
Peoria,ME002,President,,JOHN MCCAIN ,REP,105,207,312
Peoria,ME003,President,,JOHN MCCAIN ,REP,298,266,564
Peoria,ME004,President,,JOHN MCCAIN ,REP,242,215,457
Peoria,ME005,President,,JOHN MCCAIN ,REP,61,197,258
Peoria,MI001,President,,JOHN MCCAIN ,REP,8,113,121
Peoria,PR001,President,,JOHN MCCAIN ,REP,81,269,350
Peoria,RA001,President,,JOHN MCCAIN ,REP,309,284,593
Peoria,RA002,President,,JOHN MCCAIN ,REP,222,174,396
Peoria,RI001,President,,JOHN MCCAIN ,REP,74,155,229
Peoria,RI002,President,,JOHN MCCAIN ,REP,156,258,414
Peoria,RI003,President,,JOHN MCCAIN ,REP,59,158,217
Peoria,RI004,President,,JOHN MCCAIN ,REP,42,183,225
Peoria,RO001,President,,JOHN MCCAIN ,REP,97,287,384
Peoria,TI001,President,,JOHN MCCAIN ,REP,36,227,263
Peoria,TI002,President,,JOHN MCCAIN ,REP,67,213,280
Peoria,TR001,President,,JOHN MCCAIN ,REP,61,226,287
Peoria,WP001,President,,JOHN MCCAIN ,REP,65,57,122
Peoria,WP002,President,,JOHN MCCAIN ,REP,104,114,218
Peoria,WP003,President,,JOHN MCCAIN ,REP,76,116,192
Peoria,WP004,President,,JOHN MCCAIN ,REP,85,107,192
Peoria,AK001,President,,JONATHAN ALLEN (W),,0,0,0
Peoria,BR001,President,,JONATHAN ALLEN (W),,0,0,0
Peoria,CH001,President,,JONATHAN ALLEN (W),,0,0,0
Peoria,CH002,President,,JONATHAN ALLEN (W),,0,0,0
Peoria,CH003,President,,JONATHAN ALLEN (W),,0,0,0
Peoria,CH004,President,,JONATHAN ALLEN (W),,0,0,0
Peoria,CH005,President,,JONATHAN ALLEN (W),,0,0,0
Peoria,EL001,President,,JONATHAN ALLEN (W),,0,0,0
Peoria,EL002,President,,JONATHAN ALLEN (W),,0,0,0
Peoria,EL003,President,,JONATHAN ALLEN (W),,0,0,0
Peoria,HA001,President,,JONATHAN ALLEN (W),,0,0,0
Peoria,HO001,President,,JONATHAN ALLEN (W),,0,0,0
Peoria,HO002,President,,JONATHAN ALLEN (W),,0,0,0
Peoria,JU001,President,,JONATHAN ALLEN (W),,0,0,0
Peoria,KI001,President,,JONATHAN ALLEN (W),,0,0,0
Peoria,KI002,President,,JONATHAN ALLEN (W),,0,0,0
Peoria,LI001,President,,JONATHAN ALLEN (W),,0,0,0
Peoria,LI002,President,,JONATHAN ALLEN (W),,0,0,0
Peoria,LI003,President,,JONATHAN ALLEN (W),,0,0,0
Peoria,LI004,President,,JONATHAN ALLEN (W),,0,0,0
Peoria,LI005,President,,JONATHAN ALLEN (W),,0,0,0
Peoria,LI006,President,,JONATHAN ALLEN (W),,0,0,0
Peoria,LI007,President,,JONATHAN ALLEN (W),,0,0,0
Peoria,LI008,President,,JONATHAN ALLEN (W),,0,0,0
Peoria,LI009,President,,JONATHAN ALLEN (W),,0,0,0
Peoria,LI010,President,,JONATHAN ALLEN (W),,0,0,0
Peoria,LI011,President,,JONATHAN ALLEN (W),,0,0,0
Peoria,LI012,President,,JONATHAN ALLEN (W),,0,0,0
Peoria,LI013,President,,JONATHAN ALLEN (W),,0,0,0
Peoria,LI014,President,,JONATHAN ALLEN (W),,0,0,0
Peoria,LO001,President,,JONATHAN ALLEN (W),,0,0,0
Peoria,LO002,President,,JONATHAN ALLEN (W),,0,0,0
Peoria,ME001,President,,JONATHAN ALLEN (W),,0,0,0
Peoria,ME002,President,,JONATHAN ALLEN (W),,0,0,0
Peoria,ME003,President,,JONATHAN ALLEN (W),,0,0,0
Peoria,ME004,President,,JONATHAN ALLEN (W),,0,0,0
Peoria,ME005,President,,JONATHAN ALLEN (W),,0,0,0
Peoria,MI001,President,,JONATHAN ALLEN (W),,0,0,0
Peoria,PR001,President,,JONATHAN ALLEN (W),,0,0,0
Peoria,RA001,President,,JONATHAN ALLEN (W),,0,0,0
Peoria,RA002,President,,JONATHAN ALLEN (W),,0,0,0
Peoria,RI001,President,,JONATHAN ALLEN (W),,0,0,0
Peoria,RI002,President,,JONATHAN ALLEN (W),,0,0,0
Peoria,RI003,President,,JONATHAN ALLEN (W),,0,0,0
Peoria,RI004,President,,JONATHAN ALLEN (W),,0,0,0
Peoria,RO001,President,,JONATHAN ALLEN (W),,0,0,0
Peoria,TI001,President,,JONATHAN ALLEN (W),,0,0,0
Peoria,TI002,President,,JONATHAN ALLEN (W),,0,0,0
Peoria,TR001,President,,JONATHAN ALLEN (W),,0,0,0
Peoria,WP001,President,,JONATHAN ALLEN (W),,0,0,0
Peoria,WP002,President,,JONATHAN ALLEN (W),,0,0,0
Peoria,WP003,President,,JONATHAN ALLEN (W),,0,0,0
Peoria,WP004,President,,JONATHAN ALLEN (W),,0,0,0
Peoria,AK001,President,,LAWSON MITCHELL BONE (W),,0,0,0
Peoria,BR001,President,,LAWSON MITCHELL BONE (W),,0,0,0
Peoria,CH001,President,,LAWSON MITCHELL BONE (W),,0,0,0
Peoria,CH002,President,,LAWSON MITCHELL BONE (W),,0,0,0
Peoria,CH003,President,,LAWSON MITCHELL BONE (W),,0,0,0
Peoria,CH004,President,,LAWSON MITCHELL BONE (W),,0,0,0
Peoria,CH005,President,,LAWSON MITCHELL BONE (W),,0,0,0
Peoria,EL001,President,,LAWSON MITCHELL BONE (W),,0,0,0
Peoria,EL002,President,,LAWSON MITCHELL BONE (W),,0,0,0
Peoria,EL003,President,,LAWSON MITCHELL BONE (W),,0,0,0
Peoria,HA001,President,,LAWSON MITCHELL BONE (W),,0,0,0
Peoria,HO001,President,,LAWSON MITCHELL BONE (W),,0,0,0
Peoria,HO002,President,,LAWSON MITCHELL BONE (W),,0,0,0
Peoria,JU001,President,,LAWSON MITCHELL BONE (W),,0,0,0
Peoria,KI001,President,,LAWSON MITCHELL BONE (W),,0,0,0
Peoria,KI002,President,,LAWSON MITCHELL BONE (W),,0,0,0
Peoria,LI001,President,,LAWSON MITCHELL BONE (W),,0,0,0
Peoria,LI002,President,,LAWSON MITCHELL BONE (W),,0,0,0
Peoria,LI003,President,,LAWSON MITCHELL BONE (W),,0,0,0
Peoria,LI004,President,,LAWSON MITCHELL BONE (W),,0,0,0
Peoria,LI005,President,,LAWSON MITCHELL BONE (W),,0,0,0
Peoria,LI006,President,,LAWSON MITCHELL BONE (W),,0,0,0
Peoria,LI007,President,,LAWSON MITCHELL BONE (W),,0,0,0
Peoria,LI008,President,,LAWSON MITCHELL BONE (W),,0,0,0
Peoria,LI009,President,,LAWSON MITCHELL BONE (W),,0,0,0
Peoria,LI010,President,,LAWSON MITCHELL BONE (W),,0,0,0
Peoria,LI011,President,,LAWSON MITCHELL BONE (W),,0,0,0
Peoria,LI012,President,,LAWSON MITCHELL BONE (W),,0,0,0
Peoria,LI013,President,,LAWSON MITCHELL BONE (W),,0,0,0
Peoria,LI014,President,,LAWSON MITCHELL BONE (W),,0,0,0
Peoria,LO001,President,,LAWSON MITCHELL BONE (W),,0,0,0
Peoria,LO002,President,,LAWSON MITCHELL BONE (W),,0,0,0
Peoria,ME001,President,,LAWSON MITCHELL BONE (W),,0,0,0
Peoria,ME002,President,,LAWSON MITCHELL BONE (W),,0,0,0
Peoria,ME003,President,,LAWSON MITCHELL BONE (W),,0,0,0
Peoria,ME004,President,,LAWSON MITCHELL BONE (W),,0,0,0
Peoria,ME005,President,,LAWSON MITCHELL BONE (W),,0,0,0
Peoria,MI001,President,,LAWSON MITCHELL BONE (W),,0,0,0
Peoria,PR001,President,,LAWSON MITCHELL BONE (W),,0,0,0
Peoria,RA001,President,,LAWSON MITCHELL BONE (W),,0,0,0
Peoria,RA002,President,,LAWSON MITCHELL BONE (W),,0,0,0
Peoria,RI001,President,,LAWSON MITCHELL BONE (W),,0,0,0
Peoria,RI002,President,,LAWSON MITCHELL BONE (W),,0,0,0
Peoria,RI003,President,,LAWSON MITCHELL BONE (W),,0,0,0
Peoria,RI004,President,,LAWSON MITCHELL BONE (W),,0,0,0
Peoria,RO001,President,,LAWSON MITCHELL BONE (W),,0,0,0
Peoria,TI001,President,,LAWSON MITCHELL BONE (W),,0,0,0
Peoria,TI002,President,,LAWSON MITCHELL BONE (W),,0,0,0
Peoria,TR001,President,,LAWSON MITCHELL BONE (W),,0,0,0
Peoria,WP001,President,,LAWSON MITCHELL BONE (W),,0,0,0
Peoria,WP002,President,,LAWSON MITCHELL BONE (W),,0,0,0
Peoria,WP003,President,,LAWSON MITCHELL BONE (W),,0,0,0
Peoria,WP004,President,,LAWSON MITCHELL BONE (W),,0,0,0
Peoria,AK001,President,,RALPH NADER ,IND,1,5,6
Peoria,BR001,President,,RALPH NADER ,IND,0,4,4
Peoria,CH001,President,,RALPH NADER ,IND,0,4,4
Peoria,CH002,President,,RALPH NADER ,IND,3,4,7
Peoria,CH003,President,,RALPH NADER ,IND,2,5,7
Peoria,CH004,President,,RALPH NADER ,IND,1,6,7
Peoria,CH005,President,,RALPH NADER ,IND,2,6,8
Peoria,EL001,President,,RALPH NADER ,IND,0,2,2
Peoria,EL002,President,,RALPH NADER ,IND,0,1,1
Peoria,EL003,President,,RALPH NADER ,IND,0,1,1
Peoria,HA001,President,,RALPH NADER ,IND,3,1,4
Peoria,HO001,President,,RALPH NADER ,IND,2,2,4
Peoria,HO002,President,,RALPH NADER ,IND,3,1,4
Peoria,JU001,President,,RALPH NADER ,IND,0,4,4
Peoria,KI001,President,,RALPH NADER ,IND,2,5,7
Peoria,KI002,President,,RALPH NADER ,IND,0,4,4
Peoria,LI001,President,,RALPH NADER ,IND,2,7,9
Peoria,LI002,President,,RALPH NADER ,IND,1,4,5
Peoria,LI003,President,,RALPH NADER ,IND,1,0,1
Peoria,LI004,President,,RALPH NADER ,IND,2,6,8
Peoria,LI005,President,,RALPH NADER ,IND,3,2,5
Peoria,LI006,President,,RALPH NADER ,IND,3,2,5
Peoria,LI007,President,,RALPH NADER ,IND,1,1,2
Peoria,LI008,President,,RALPH NADER ,IND,0,2,2
Peoria,LI009,President,,RALPH NADER ,IND,0,5,5
Peoria,LI010,President,,RALPH NADER ,IND,3,4,7
Peoria,LI011,President,,RALPH NADER ,IND,0,1,1
Peoria,LI012,President,,RALPH NADER ,IND,2,2,4
Peoria,LI013,President,,RALPH NADER ,IND,3,10,13
Peoria,LI014,President,,RALPH NADER ,IND,1,5,6
Peoria,LO001,President,,RALPH NADER ,IND,0,5,5
Peoria,LO002,President,,RALPH NADER ,IND,2,10,12
Peoria,ME001,President,,RALPH NADER ,IND,3,0,3
Peoria,ME002,President,,RALPH NADER ,IND,2,2,4
Peoria,ME003,President,,RALPH NADER ,IND,3,3,6
Peoria,ME004,President,,RALPH NADER ,IND,2,0,2
Peoria,ME005,President,,RALPH NADER ,IND,0,2,2
Peoria,MI001,President,,RALPH NADER ,IND,0,0,0
Peoria,PR001,President,,RALPH NADER ,IND,0,3,3
Peoria,RA001,President,,RALPH NADER ,IND,1,3,4
Peoria,RA002,President,,RALPH NADER ,IND,4,0,4
Peoria,RI001,President,,RALPH NADER ,IND,1,3,4
Peoria,RI002,President,,RALPH NADER ,IND,2,6,8
Peoria,RI003,President,,RALPH NADER ,IND,1,3,4
Peoria,RI004,President,,RALPH NADER ,IND,0,6,6
Peoria,RO001,President,,RALPH NADER ,IND,1,6,7
Peoria,TI001,President,,RALPH NADER ,IND,0,4,4
Peoria,TI002,President,,RALPH NADER ,IND,0,3,3
Peoria,TR001,President,,RALPH NADER ,IND,1,3,4
Peoria,WP001,President,,RALPH NADER ,IND,0,3,3
Peoria,WP002,President,,RALPH NADER ,IND,1,2,3
Peoria,WP003,President,,RALPH NADER ,IND,0,3,3
Peoria,WP004,President,,RALPH NADER ,IND,1,2,3
Peoria,AK001,President,,RONALD G. HOBBS (W),,0,0,0
Peoria,BR001,President,,RONALD G. HOBBS (W),,0,0,0
Peoria,CH001,President,,RONALD G. HOBBS (W),,0,0,0
Peoria,CH002,President,,RONALD G. HOBBS (W),,0,0,0
Peoria,CH003,President,,RONALD G. HOBBS (W),,0,0,0
Peoria,CH004,President,,RONALD G. HOBBS (W),,0,0,0
Peoria,CH005,President,,RONALD G. HOBBS (W),,0,0,0
Peoria,EL001,President,,RONALD G. HOBBS (W),,0,0,0
Peoria,EL002,President,,RONALD G. HOBBS (W),,0,0,0
Peoria,EL003,President,,RONALD G. HOBBS (W),,0,0,0
Peoria,HA001,President,,RONALD G. HOBBS (W),,0,0,0
Peoria,HO001,President,,RONALD G. HOBBS (W),,0,0,0
Peoria,HO002,President,,RONALD G. HOBBS (W),,0,0,0
Peoria,JU001,President,,RONALD G. HOBBS (W),,0,0,0
Peoria,KI001,President,,RONALD G. HOBBS (W),,0,0,0
Peoria,KI002,President,,RONALD G. HOBBS (W),,0,0,0
Peoria,LI001,President,,RONALD G. HOBBS (W),,0,0,0
Peoria,LI002,President,,RONALD G. HOBBS (W),,0,0,0
Peoria,LI003,President,,RONALD G. HOBBS (W),,0,0,0
Peoria,LI004,President,,RONALD G. HOBBS (W),,0,0,0
Peoria,LI005,President,,RONALD G. HOBBS (W),,0,0,0
Peoria,LI006,President,,RONALD G. HOBBS (W),,0,0,0
Peoria,LI007,President,,RONALD G. HOBBS (W),,0,0,0
Peoria,LI008,President,,RONALD G. HOBBS (W),,0,0,0
Peoria,LI009,President,,RONALD G. HOBBS (W),,0,0,0
Peoria,LI010,President,,RONALD G. HOBBS (W),,0,0,0
Peoria,LI011,President,,RONALD G. HOBBS (W),,0,0,0
Peoria,LI012,President,,RONALD G. HOBBS (W),,0,0,0
Peoria,LI013,President,,RONALD G. HOBBS (W),,0,0,0
Peoria,LI014,President,,RONALD G. HOBBS (W),,0,0,0
Peoria,LO001,President,,RONALD G. HOBBS (W),,0,0,0
Peoria,LO002,President,,RONALD G. HOBBS (W),,0,0,0
Peoria,ME001,President,,RONALD G. HOBBS (W),,0,0,0
Peoria,ME002,President,,RONALD G. HOBBS (W),,0,0,0
Peoria,ME003,President,,RONALD G. HOBBS (W),,0,0,0
Peoria,ME004,President,,RONALD G. HOBBS (W),,0,0,0
Peoria,ME005,President,,RONALD G. HOBBS (W),,0,0,0
Peoria,MI001,President,,RONALD G. HOBBS (W),,0,0,0
Peoria,PR001,President,,RONALD G. HOBBS (W),,0,0,0
Peoria,RA001,President,,RONALD G. HOBBS (W),,0,0,0
Peoria,RA002,President,,RONALD G. HOBBS (W),,0,0,0
Peoria,RI001,President,,RONALD G. HOBBS (W),,0,0,0
Peoria,RI002,President,,RONALD G. HOBBS (W),,0,0,0
Peoria,RI003,President,,RONALD G. HOBBS (W),,0,0,0
Peoria,RI004,President,,RONALD G. HOBBS (W),,0,0,0
Peoria,RO001,President,,RONALD G. HOBBS (W),,0,0,0
Peoria,TI001,President,,RONALD G. HOBBS (W),,0,0,0
Peoria,TI002,President,,RONALD G. HOBBS (W),,0,0,0
Peoria,TR001,President,,RONALD G. HOBBS (W),,0,0,0
Peoria,WP001,President,,RONALD G. HOBBS (W),,0,0,0
Peoria,WP002,President,,RONALD G. HOBBS (W),,0,0,0
Peoria,WP003,President,,RONALD G. HOBBS (W),,0,0,0
Peoria,WP004,President,,RONALD G. HOBBS (W),,0,0,0
Peoria,AK001,U S House,18,AARON SCHOCK,REP,109,296,405
Peoria,BR001,U S House,18,AARON SCHOCK,REP,46,219,265
Peoria,CH001,U S House,18,AARON SCHOCK,REP,193,322,515
Peoria,CH002,U S House,18,AARON SCHOCK,REP,135,307,442
Peoria,CH003,U S House,18,AARON SCHOCK,REP,86,239,325
Peoria,CH004,U S House,18,AARON SCHOCK,REP,94,292,386
Peoria,CH005,U S House,18,AARON SCHOCK,REP,138,346,484
Peoria,EL001,U S House,18,AARON SCHOCK,REP,50,125,175
Peoria,EL002,U S House,18,AARON SCHOCK,REP,56,164,220
Peoria,EL003,U S House,18,AARON SCHOCK,REP,79,213,292
Peoria,HA001,U S House,18,AARON SCHOCK,REP,188,419,607
Peoria,HO001,U S House,18,AARON SCHOCK,REP,76,280,356
Peoria,HO002,U S House,18,AARON SCHOCK,REP,47,134,181
Peoria,JU001,U S House,18,AARON SCHOCK,REP,252,389,641
Peoria,KI001,U S House,18,AARON SCHOCK,REP,314,366,680
Peoria,KI002,U S House,18,AARON SCHOCK,REP,56,211,267
Peoria,LI001,U S House,18,AARON SCHOCK,REP,109,318,427
Peoria,LI002,U S House,18,AARON SCHOCK,REP,175,263,438
Peoria,LI003,U S House,18,AARON SCHOCK,REP,40,86,126
Peoria,LI004,U S House,18,AARON SCHOCK,REP,123,253,376
Peoria,LI005,U S House,18,AARON SCHOCK,REP,64,194,258
Peoria,LI006,U S House,18,AARON SCHOCK,REP,74,145,219
Peoria,LI007,U S House,18,AARON SCHOCK,REP,30,101,131
Peoria,LI008,U S House,18,AARON SCHOCK,REP,142,224,366
Peoria,LI009,U S House,18,AARON SCHOCK,REP,45,200,245
Peoria,LI010,U S House,18,AARON SCHOCK,REP,101,319,420
Peoria,LI011,U S House,18,AARON SCHOCK,REP,125,291,416
Peoria,LI012,U S House,18,AARON SCHOCK,REP,186,362,548
Peoria,LI013,U S House,18,AARON SCHOCK,REP,184,376,560
Peoria,LI014,U S House,18,AARON SCHOCK,REP,163,248,411
Peoria,LO001,U S House,18,AARON SCHOCK,REP,150,315,465
Peoria,LO002,U S House,18,AARON SCHOCK,REP,134,364,498
Peoria,ME001,U S House,18,AARON SCHOCK,REP,155,276,431
Peoria,ME002,U S House,18,AARON SCHOCK,REP,127,235,362
Peoria,ME003,U S House,18,AARON SCHOCK,REP,337,298,635
Peoria,ME004,U S House,18,AARON SCHOCK,REP,271,236,507
Peoria,ME005,U S House,18,AARON SCHOCK,REP,77,235,312
Peoria,MI001,U S House,18,AARON SCHOCK,REP,12,116,128
Peoria,PR001,U S House,18,AARON SCHOCK,REP,94,297,391
Peoria,RA001,U S House,18,AARON SCHOCK,REP,343,298,641
Peoria,RA002,U S House,18,AARON SCHOCK,REP,238,180,418
Peoria,RI001,U S House,18,AARON SCHOCK,REP,106,222,328
Peoria,RI002,U S House,18,AARON SCHOCK,REP,193,306,499
Peoria,RI003,U S House,18,AARON SCHOCK,REP,101,246,347
Peoria,RI004,U S House,18,AARON SCHOCK,REP,63,266,329
Peoria,RO001,U S House,18,AARON SCHOCK,REP,100,315,415
Peoria,TI001,U S House,18,AARON SCHOCK,REP,48,269,317
Peoria,TI002,U S House,18,AARON SCHOCK,REP,75,248,323
Peoria,TR001,U S House,18,AARON SCHOCK,REP,62,254,316
Peoria,WP001,U S House,18,AARON SCHOCK,REP,82,94,176
Peoria,WP002,U S House,18,AARON SCHOCK,REP,150,171,321
Peoria,WP003,U S House,18,AARON SCHOCK,REP,122,169,291
Peoria,WP004,U S House,18,AARON SCHOCK,REP,118,152,270
Peoria,AK001,U S House,18,COLLEEN CALLAHAN,DEM,50,83,133
Peoria,BR001,U S House,18,COLLEEN CALLAHAN,DEM,79,172,251
Peoria,CH001,U S House,18,COLLEEN CALLAHAN,DEM,137,167,304
Peoria,CH002,U S House,18,COLLEEN CALLAHAN,DEM,101,136,237
Peoria,CH003,U S House,18,COLLEEN CALLAHAN,DEM,68,164,232
Peoria,CH004,U S House,18,COLLEEN CALLAHAN,DEM,100,196,296
Peoria,CH005,U S House,18,COLLEEN CALLAHAN,DEM,131,190,321
Peoria,EL001,U S House,18,COLLEEN CALLAHAN,DEM,38,107,145
Peoria,EL002,U S House,18,COLLEEN CALLAHAN,DEM,61,138,199
Peoria,EL003,U S House,18,COLLEEN CALLAHAN,DEM,49,95,144
Peoria,HA001,U S House,18,COLLEEN CALLAHAN,DEM,117,147,264
Peoria,HO001,U S House,18,COLLEEN CALLAHAN,DEM,72,161,233
Peoria,HO002,U S House,18,COLLEEN CALLAHAN,DEM,64,98,162
Peoria,JU001,U S House,18,COLLEEN CALLAHAN,DEM,130,184,314
Peoria,KI001,U S House,18,COLLEEN CALLAHAN,DEM,249,172,421
Peoria,KI002,U S House,18,COLLEEN CALLAHAN,DEM,69,138,207
Peoria,LI001,U S House,18,COLLEEN CALLAHAN,DEM,101,219,320
Peoria,LI002,U S House,18,COLLEEN CALLAHAN,DEM,142,128,270
Peoria,LI003,U S House,18,COLLEEN CALLAHAN,DEM,26,65,91
Peoria,LI004,U S House,18,COLLEEN CALLAHAN,DEM,110,200,310
Peoria,LI005,U S House,18,COLLEEN CALLAHAN,DEM,92,192,284
Peoria,LI006,U S House,18,COLLEEN CALLAHAN,DEM,86,93,179
Peoria,LI007,U S House,18,COLLEEN CALLAHAN,DEM,36,75,111
Peoria,LI008,U S House,18,COLLEEN CALLAHAN,DEM,118,99,217
Peoria,LI009,U S House,18,COLLEEN CALLAHAN,DEM,62,186,248
Peoria,LI010,U S House,18,COLLEEN CALLAHAN,DEM,90,190,280
Peoria,LI011,U S House,18,COLLEEN CALLAHAN,DEM,137,229,366
Peoria,LI012,U S House,18,COLLEEN CALLAHAN,DEM,147,202,349
Peoria,LI013,U S House,18,COLLEEN CALLAHAN,DEM,113,173,286
Peoria,LI014,U S House,18,COLLEEN CALLAHAN,DEM,126,144,270
Peoria,LO001,U S House,18,COLLEEN CALLAHAN,DEM,87,150,237
Peoria,LO002,U S House,18,COLLEEN CALLAHAN,DEM,160,234,394
Peoria,ME001,U S House,18,COLLEEN CALLAHAN,DEM,83,131,214
Peoria,ME002,U S House,18,COLLEEN CALLAHAN,DEM,62,112,174
Peoria,ME003,U S House,18,COLLEEN CALLAHAN,DEM,121,112,233
Peoria,ME004,U S House,18,COLLEEN CALLAHAN,DEM,106,63,169
Peoria,ME005,U S House,18,COLLEEN CALLAHAN,DEM,61,161,222
Peoria,MI001,U S House,18,COLLEEN CALLAHAN,DEM,7,96,103
Peoria,PR001,U S House,18,COLLEEN CALLAHAN,DEM,84,191,275
Peoria,RA001,U S House,18,COLLEEN CALLAHAN,DEM,180,120,300
Peoria,RA002,U S House,18,COLLEEN CALLAHAN,DEM,108,68,176
Peoria,RI001,U S House,18,COLLEEN CALLAHAN,DEM,82,118,200
Peoria,RI002,U S House,18,COLLEEN CALLAHAN,DEM,151,163,314
Peoria,RI003,U S House,18,COLLEEN CALLAHAN,DEM,96,146,242
Peoria,RI004,U S House,18,COLLEEN CALLAHAN,DEM,65,172,237
Peoria,RO001,U S House,18,COLLEEN CALLAHAN,DEM,61,149,210
Peoria,TI001,U S House,18,COLLEEN CALLAHAN,DEM,31,201,232
Peoria,TI002,U S House,18,COLLEEN CALLAHAN,DEM,67,177,244
Peoria,TR001,U S House,18,COLLEEN CALLAHAN,DEM,33,158,191
Peoria,WP001,U S House,18,COLLEEN CALLAHAN,DEM,96,103,199
Peoria,WP002,U S House,18,COLLEEN CALLAHAN,DEM,142,86,228
Peoria,WP003,U S House,18,COLLEEN CALLAHAN,DEM,141,104,245
Peoria,WP004,U S House,18,COLLEEN CALLAHAN,DEM,123,125,248
Peoria,AK001,U S House,18,SHELDON SCHAFER,GRN,1,11,12
Peoria,BR001,U S House,18,SHELDON SCHAFER,GRN,8,19,27
Peoria,CH001,U S House,18,SHELDON SCHAFER,GRN,8,23,31
Peoria,CH002,U S House,18,SHELDON SCHAFER,GRN,13,30,43
Peoria,CH003,U S House,18,SHELDON SCHAFER,GRN,4,20,24
Peoria,CH004,U S House,18,SHELDON SCHAFER,GRN,4,31,35
Peoria,CH005,U S House,18,SHELDON SCHAFER,GRN,16,31,47
Peoria,EL001,U S House,18,SHELDON SCHAFER,GRN,7,13,20
Peoria,EL002,U S House,18,SHELDON SCHAFER,GRN,2,11,13
Peoria,EL003,U S House,18,SHELDON SCHAFER,GRN,3,10,13
Peoria,HA001,U S House,18,SHELDON SCHAFER,GRN,24,28,52
Peoria,HO001,U S House,18,SHELDON SCHAFER,GRN,8,17,25
Peoria,HO002,U S House,18,SHELDON SCHAFER,GRN,5,18,23
Peoria,JU001,U S House,18,SHELDON SCHAFER,GRN,12,29,41
Peoria,KI001,U S House,18,SHELDON SCHAFER,GRN,10,22,32
Peoria,KI002,U S House,18,SHELDON SCHAFER,GRN,8,20,28
Peoria,LI001,U S House,18,SHELDON SCHAFER,GRN,11,17,28
Peoria,LI002,U S House,18,SHELDON SCHAFER,GRN,4,12,16
Peoria,LI003,U S House,18,SHELDON SCHAFER,GRN,3,2,5
Peoria,LI004,U S House,18,SHELDON SCHAFER,GRN,12,19,31
Peoria,LI005,U S House,18,SHELDON SCHAFER,GRN,8,23,31
Peoria,LI006,U S House,18,SHELDON SCHAFER,GRN,10,17,27
Peoria,LI007,U S House,18,SHELDON SCHAFER,GRN,1,11,12
Peoria,LI008,U S House,18,SHELDON SCHAFER,GRN,11,16,27
Peoria,LI009,U S House,18,SHELDON SCHAFER,GRN,7,14,21
Peoria,LI010,U S House,18,SHELDON SCHAFER,GRN,7,17,24
Peoria,LI011,U S House,18,SHELDON SCHAFER,GRN,10,10,20
Peoria,LI012,U S House,18,SHELDON SCHAFER,GRN,11,23,34
Peoria,LI013,U S House,18,SHELDON SCHAFER,GRN,13,20,33
Peoria,LI014,U S House,18,SHELDON SCHAFER,GRN,8,23,31
Peoria,LO001,U S House,18,SHELDON SCHAFER,GRN,11,14,25
Peoria,LO002,U S House,18,SHELDON SCHAFER,GRN,20,30,50
Peoria,ME001,U S House,18,SHELDON SCHAFER,GRN,20,21,41
Peoria,ME002,U S House,18,SHELDON SCHAFER,GRN,11,21,32
Peoria,ME003,U S House,18,SHELDON SCHAFER,GRN,19,24,43
Peoria,ME004,U S House,18,SHELDON SCHAFER,GRN,22,14,36
Peoria,ME005,U S House,18,SHELDON SCHAFER,GRN,7,18,25
Peoria,MI001,U S House,18,SHELDON SCHAFER,GRN,0,3,3
Peoria,PR001,U S House,18,SHELDON SCHAFER,GRN,5,28,33
Peoria,RA001,U S House,18,SHELDON SCHAFER,GRN,28,21,49
Peoria,RA002,U S House,18,SHELDON SCHAFER,GRN,16,8,24
Peoria,RI001,U S House,18,SHELDON SCHAFER,GRN,10,27,37
Peoria,RI002,U S House,18,SHELDON SCHAFER,GRN,17,38,55
Peoria,RI003,U S House,18,SHELDON SCHAFER,GRN,9,33,42
Peoria,RI004,U S House,18,SHELDON SCHAFER,GRN,9,23,32
Peoria,RO001,U S House,18,SHELDON SCHAFER,GRN,8,20,28
Peoria,TI001,U S House,18,SHELDON SCHAFER,GRN,2,17,19
Peoria,TI002,U S House,18,SHELDON SCHAFER,GRN,6,17,23
Peoria,TR001,U S House,18,SHELDON SCHAFER,GRN,1,19,20
Peoria,WP001,U S House,18,SHELDON SCHAFER,GRN,9,13,22
Peoria,WP002,U S House,18,SHELDON SCHAFER,GRN,11,12,23
Peoria,WP003,U S House,18,SHELDON SCHAFER,GRN,12,27,39
Peoria,WP004,U S House,18,SHELDON SCHAFER,GRN,13,29,42
Peoria,AK001,U S Senate,,CHAD N. KOPPIE,CON,2,1,3
Peoria,BR001,U S Senate,,CHAD N. KOPPIE,CON,0,3,3
Peoria,CH001,U S Senate,,CHAD N. KOPPIE,CON,1,6,7
Peoria,CH002,U S Senate,,CHAD N. KOPPIE,CON,1,2,3
Peoria,CH003,U S Senate,,CHAD N. KOPPIE,CON,2,4,6
Peoria,CH004,U S Senate,,CHAD N. KOPPIE,CON,1,3,4
Peoria,CH005,U S Senate,,CHAD N. KOPPIE,CON,2,1,3
Peoria,EL001,U S Senate,,CHAD N. KOPPIE,CON,2,1,3
Peoria,EL002,U S Senate,,CHAD N. KOPPIE,CON,0,1,1
Peoria,EL003,U S Senate,,CHAD N. KOPPIE,CON,0,0,0
Peoria,HA001,U S Senate,,CHAD N. KOPPIE,CON,0,4,4
Peoria,HO001,U S Senate,,CHAD N. KOPPIE,CON,1,3,4
Peoria,HO002,U S Senate,,CHAD N. KOPPIE,CON,0,3,3
Peoria,JU001,U S Senate,,CHAD N. KOPPIE,CON,2,4,6
Peoria,KI001,U S Senate,,CHAD N. KOPPIE,CON,1,3,4
Peoria,KI002,U S Senate,,CHAD N. KOPPIE,CON,0,5,5
Peoria,LI001,U S Senate,,CHAD N. KOPPIE,CON,5,2,7
Peoria,LI002,U S Senate,,CHAD N. KOPPIE,CON,1,1,2
Peoria,LI003,U S Senate,,CHAD N. KOPPIE,CON,0,1,1
Peoria,LI004,U S Senate,,CHAD N. KOPPIE,CON,0,3,3
Peoria,LI005,U S Senate,,CHAD N. KOPPIE,CON,1,4,5
Peoria,LI006,U S Senate,,CHAD N. KOPPIE,CON,1,0,1
Peoria,LI007,U S Senate,,CHAD N. KOPPIE,CON,1,5,6
Peoria,LI008,U S Senate,,CHAD N. KOPPIE,CON,1,2,3
Peoria,LI009,U S Senate,,CHAD N. KOPPIE,CON,1,4,5
Peoria,LI010,U S Senate,,CHAD N. KOPPIE,CON,4,3,7
Peoria,LI011,U S Senate,,CHAD N. KOPPIE,CON,2,2,4
Peoria,LI012,U S Senate,,CHAD N. KOPPIE,CON,2,4,6
Peoria,LI013,U S Senate,,CHAD N. KOPPIE,CON,0,2,2
Peoria,LI014,U S Senate,,CHAD N. KOPPIE,CON,1,2,3
Peoria,LO001,U S Senate,,CHAD N. KOPPIE,CON,4,3,7
Peoria,LO002,U S Senate,,CHAD N. KOPPIE,CON,0,3,3
Peoria,ME001,U S Senate,,CHAD N. KOPPIE,CON,3,1,4
Peoria,ME002,U S Senate,,CHAD N. KOPPIE,CON,0,1,1
Peoria,ME003,U S Senate,,CHAD N. KOPPIE,CON,2,1,3
Peoria,ME004,U S Senate,,CHAD N. KOPPIE,CON,0,0,0
Peoria,ME005,U S Senate,,CHAD N. KOPPIE,CON,1,3,4
Peoria,MI001,U S Senate,,CHAD N. KOPPIE,CON,1,2,3
Peoria,PR001,U S Senate,,CHAD N. KOPPIE,CON,0,2,2
Peoria,RA001,U S Senate,,CHAD N. KOPPIE,CON,1,0,1
Peoria,RA002,U S Senate,,CHAD N. KOPPIE,CON,4,2,6
Peoria,RI001,U S Senate,,CHAD N. KOPPIE,CON,1,5,6
Peoria,RI002,U S Senate,,CHAD N. KOPPIE,CON,1,7,8
Peoria,RI003,U S Senate,,CHAD N. KOPPIE,CON,2,4,6
Peoria,RI004,U S Senate,,CHAD N. KOPPIE,CON,1,3,4
Peoria,RO001,U S Senate,,CHAD N. KOPPIE,CON,0,1,1
Peoria,TI001,U S Senate,,CHAD N. KOPPIE,CON,1,5,6
Peoria,TI002,U S Senate,,CHAD N. KOPPIE,CON,2,4,6
Peoria,TR001,U S Senate,,CHAD N. KOPPIE,CON,0,2,2
Peoria,WP001,U S Senate,,CHAD N. KOPPIE,CON,0,2,2
Peoria,WP002,U S Senate,,CHAD N. KOPPIE,CON,1,3,4
Peoria,WP003,U S Senate,,CHAD N. KOPPIE,CON,2,2,4
Peoria,WP004,U S Senate,,CHAD N. KOPPIE,CON,1,3,4
Peoria,AK001,U S Senate,,KATHY CUMMINGS,GRN,2,9,11
Peoria,BR001,U S Senate,,KATHY CUMMINGS,GRN,4,12,16
Peoria,CH001,U S Senate,,KATHY CUMMINGS,GRN,7,12,19
Peoria,CH002,U S Senate,,KATHY CUMMINGS,GRN,2,12,14
Peoria,CH003,U S Senate,,KATHY CUMMINGS,GRN,2,15,17
Peoria,CH004,U S Senate,,KATHY CUMMINGS,GRN,6,20,26
Peoria,CH005,U S Senate,,KATHY CUMMINGS,GRN,8,18,26
Peoria,EL001,U S Senate,,KATHY CUMMINGS,GRN,2,9,11
Peoria,EL002,U S Senate,,KATHY CUMMINGS,GRN,0,9,9
Peoria,EL003,U S Senate,,KATHY CUMMINGS,GRN,4,6,10
Peoria,HA001,U S Senate,,KATHY CUMMINGS,GRN,10,13,23
Peoria,HO001,U S Senate,,KATHY CUMMINGS,GRN,2,6,8
Peoria,HO002,U S Senate,,KATHY CUMMINGS,GRN,2,13,15
Peoria,JU001,U S Senate,,KATHY CUMMINGS,GRN,6,15,21
Peoria,KI001,U S Senate,,KATHY CUMMINGS,GRN,12,13,25
Peoria,KI002,U S Senate,,KATHY CUMMINGS,GRN,5,6,11
Peoria,LI001,U S Senate,,KATHY CUMMINGS,GRN,7,9,16
Peoria,LI002,U S Senate,,KATHY CUMMINGS,GRN,2,5,7
Peoria,LI003,U S Senate,,KATHY CUMMINGS,GRN,1,3,4
Peoria,LI004,U S Senate,,KATHY CUMMINGS,GRN,3,17,20
Peoria,LI005,U S Senate,,KATHY CUMMINGS,GRN,5,10,15
Peoria,LI006,U S Senate,,KATHY CUMMINGS,GRN,5,5,10
Peoria,LI007,U S Senate,,KATHY CUMMINGS,GRN,1,7,8
Peoria,LI008,U S Senate,,KATHY CUMMINGS,GRN,11,4,15
Peoria,LI009,U S Senate,,KATHY CUMMINGS,GRN,1,9,10
Peoria,LI010,U S Senate,,KATHY CUMMINGS,GRN,3,6,9
Peoria,LI011,U S Senate,,KATHY CUMMINGS,GRN,1,10,11
Peoria,LI012,U S Senate,,KATHY CUMMINGS,GRN,6,4,10
Peoria,LI013,U S Senate,,KATHY CUMMINGS,GRN,12,13,25
Peoria,LI014,U S Senate,,KATHY CUMMINGS,GRN,9,11,20
Peoria,LO001,U S Senate,,KATHY CUMMINGS,GRN,7,11,18
Peoria,LO002,U S Senate,,KATHY CUMMINGS,GRN,9,15,24
Peoria,ME001,U S Senate,,KATHY CUMMINGS,GRN,9,13,22
Peoria,ME002,U S Senate,,KATHY CUMMINGS,GRN,3,5,8
Peoria,ME003,U S Senate,,KATHY CUMMINGS,GRN,9,13,22
Peoria,ME004,U S Senate,,KATHY CUMMINGS,GRN,3,2,5
Peoria,ME005,U S Senate,,KATHY CUMMINGS,GRN,1,12,13
Peoria,MI001,U S Senate,,KATHY CUMMINGS,GRN,1,4,5
Peoria,PR001,U S Senate,,KATHY CUMMINGS,GRN,2,16,18
Peoria,RA001,U S Senate,,KATHY CUMMINGS,GRN,8,8,16
Peoria,RA002,U S Senate,,KATHY CUMMINGS,GRN,5,2,7
Peoria,RI001,U S Senate,,KATHY CUMMINGS,GRN,11,11,22
Peoria,RI002,U S Senate,,KATHY CUMMINGS,GRN,13,21,34
Peoria,RI003,U S Senate,,KATHY CUMMINGS,GRN,4,14,18
Peoria,RI004,U S Senate,,KATHY CUMMINGS,GRN,4,11,15
Peoria,RO001,U S Senate,,KATHY CUMMINGS,GRN,7,10,17
Peoria,TI001,U S Senate,,KATHY CUMMINGS,GRN,2,6,8
Peoria,TI002,U S Senate,,KATHY CUMMINGS,GRN,3,12,15
Peoria,TR001,U S Senate,,KATHY CUMMINGS,GRN,1,11,12
Peoria,WP001,U S Senate,,KATHY CUMMINGS,GRN,2,5,7
Peoria,WP002,U S Senate,,KATHY CUMMINGS,GRN,5,13,18
Peoria,WP003,U S Senate,,KATHY CUMMINGS,GRN,9,8,17
Peoria,WP004,U S Senate,,KATHY CUMMINGS,GRN,7,11,18
Peoria,AK001,U S Senate,,LARRY A. STAFFORD,LBT,0,2,2
Peoria,BR001,U S Senate,,LARRY A. STAFFORD,LBT,2,2,4
Peoria,CH001,U S Senate,,LARRY A. STAFFORD,LBT,2,4,6
Peoria,CH002,U S Senate,,LARRY A. STAFFORD,LBT,2,5,7
Peoria,CH003,U S Senate,,LARRY A. STAFFORD,LBT,0,6,6
Peoria,CH004,U S Senate,,LARRY A. STAFFORD,LBT,2,4,6
Peoria,CH005,U S Senate,,LARRY A. STAFFORD,LBT,4,6,10
Peoria,EL001,U S Senate,,LARRY A. STAFFORD,LBT,0,0,0
Peoria,EL002,U S Senate,,LARRY A. STAFFORD,LBT,3,2,5
Peoria,EL003,U S Senate,,LARRY A. STAFFORD,LBT,4,5,9
Peoria,HA001,U S Senate,,LARRY A. STAFFORD,LBT,7,8,15
Peoria,HO001,U S Senate,,LARRY A. STAFFORD,LBT,2,3,5
Peoria,HO002,U S Senate,,LARRY A. STAFFORD,LBT,1,6,7
Peoria,JU001,U S Senate,,LARRY A. STAFFORD,LBT,2,3,5
Peoria,KI001,U S Senate,,LARRY A. STAFFORD,LBT,4,5,9
Peoria,KI002,U S Senate,,LARRY A. STAFFORD,LBT,1,7,8
Peoria,LI001,U S Senate,,LARRY A. STAFFORD,LBT,2,17,19
Peoria,LI002,U S Senate,,LARRY A. STAFFORD,LBT,9,13,22
Peoria,LI003,U S Senate,,LARRY A. STAFFORD,LBT,1,2,3
Peoria,LI004,U S Senate,,LARRY A. STAFFORD,LBT,1,12,13
Peoria,LI005,U S Senate,,LARRY A. STAFFORD,LBT,1,7,8
Peoria,LI006,U S Senate,,LARRY A. STAFFORD,LBT,1,5,6
Peoria,LI007,U S Senate,,LARRY A. STAFFORD,LBT,0,4,4
Peoria,LI008,U S Senate,,LARRY A. STAFFORD,LBT,2,4,6
Peoria,LI009,U S Senate,,LARRY A. STAFFORD,LBT,0,8,8
Peoria,LI010,U S Senate,,LARRY A. STAFFORD,LBT,4,9,13
Peoria,LI011,U S Senate,,LARRY A. STAFFORD,LBT,2,3,5
Peoria,LI012,U S Senate,,LARRY A. STAFFORD,LBT,1,6,7
Peoria,LI013,U S Senate,,LARRY A. STAFFORD,LBT,3,6,9
Peoria,LI014,U S Senate,,LARRY A. STAFFORD,LBT,3,6,9
Peoria,LO001,U S Senate,,LARRY A. STAFFORD,LBT,1,1,2
Peoria,LO002,U S Senate,,LARRY A. STAFFORD,LBT,5,9,14
Peoria,ME001,U S Senate,,LARRY A. STAFFORD,LBT,4,2,6
Peoria,ME002,U S Senate,,LARRY A. STAFFORD,LBT,6,3,9
Peoria,ME003,U S Senate,,LARRY A. STAFFORD,LBT,5,6,11
Peoria,ME004,U S Senate,,LARRY A. STAFFORD,LBT,2,3,5
Peoria,ME005,U S Senate,,LARRY A. STAFFORD,LBT,2,5,7
Peoria,MI001,U S Senate,,LARRY A. STAFFORD,LBT,0,0,0
Peoria,PR001,U S Senate,,LARRY A. STAFFORD,LBT,0,7,7
Peoria,RA001,U S Senate,,LARRY A. STAFFORD,LBT,4,6,10
Peoria,RA002,U S Senate,,LARRY A. STAFFORD,LBT,4,4,8
Peoria,RI001,U S Senate,,LARRY A. STAFFORD,LBT,4,4,8
Peoria,RI002,U S Senate,,LARRY A. STAFFORD,LBT,5,7,12
Peoria,RI003,U S Senate,,LARRY A. STAFFORD,LBT,2,7,9
Peoria,RI004,U S Senate,,LARRY A. STAFFORD,LBT,2,8,10
Peoria,RO001,U S Senate,,LARRY A. STAFFORD,LBT,1,5,6
Peoria,TI001,U S Senate,,LARRY A. STAFFORD,LBT,0,7,7
Peoria,TI002,U S Senate,,LARRY A. STAFFORD,LBT,0,2,2
Peoria,TR001,U S Senate,,LARRY A. STAFFORD,LBT,1,2,3
Peoria,WP001,U S Senate,,LARRY A. STAFFORD,LBT,0,3,3
Peoria,WP002,U S Senate,,LARRY A. STAFFORD,LBT,1,4,5
Peoria,WP003,U S Senate,,LARRY A. STAFFORD,LBT,2,4,6
Peoria,WP004,U S Senate,,LARRY A. STAFFORD,LBT,2,9,11
Peoria,AK001,U S Senate,,RICHARD J. DURBIN,DEM,66,156,222
Peoria,BR001,U S Senate,,RICHARD J. DURBIN,DEM,95,238,333
Peoria,CH001,U S Senate,,RICHARD J. DURBIN,DEM,198,292,490
Peoria,CH002,U S Senate,,RICHARD J. DURBIN,DEM,161,247,408
Peoria,CH003,U S Senate,,RICHARD J. DURBIN,DEM,103,264,367
Peoria,CH004,U S Senate,,RICHARD J. DURBIN,DEM,126,322,448
Peoria,CH005,U S Senate,,RICHARD J. DURBIN,DEM,183,351,534
Peoria,EL001,U S Senate,,RICHARD J. DURBIN,DEM,60,161,221
Peoria,EL002,U S Senate,,RICHARD J. DURBIN,DEM,69,187,256
Peoria,EL003,U S Senate,,RICHARD J. DURBIN,DEM,68,184,252
Peoria,HA001,U S Senate,,RICHARD J. DURBIN,DEM,159,273,432
Peoria,HO001,U S Senate,,RICHARD J. DURBIN,DEM,95,270,365
Peoria,HO002,U S Senate,,RICHARD J. DURBIN,DEM,76,142,218
Peoria,JU001,U S Senate,,RICHARD J. DURBIN,DEM,166,269,435
Peoria,KI001,U S Senate,,RICHARD J. DURBIN,DEM,303,270,573
Peoria,KI002,U S Senate,,RICHARD J. DURBIN,DEM,92,221,313
Peoria,LI001,U S Senate,,RICHARD J. DURBIN,DEM,138,371,509
Peoria,LI002,U S Senate,,RICHARD J. DURBIN,DEM,209,246,455
Peoria,LI003,U S Senate,,RICHARD J. DURBIN,DEM,34,88,122
Peoria,LI004,U S Senate,,RICHARD J. DURBIN,DEM,154,304,458
Peoria,LI005,U S Senate,,RICHARD J. DURBIN,DEM,119,307,426
Peoria,LI006,U S Senate,,RICHARD J. DURBIN,DEM,109,184,293
Peoria,LI007,U S Senate,,RICHARD J. DURBIN,DEM,47,115,162
Peoria,LI008,U S Senate,,RICHARD J. DURBIN,DEM,163,206,369
Peoria,LI009,U S Senate,,RICHARD J. DURBIN,DEM,81,267,348
Peoria,LI010,U S Senate,,RICHARD J. DURBIN,DEM,117,345,462
Peoria,LI011,U S Senate,,RICHARD J. DURBIN,DEM,183,366,549
Peoria,LI012,U S Senate,,RICHARD J. DURBIN,DEM,236,379,615
Peoria,LI013,U S Senate,,RICHARD J. DURBIN,DEM,167,338,505
Peoria,LI014,U S Senate,,RICHARD J. DURBIN,DEM,195,244,439
Peoria,LO001,U S Senate,,RICHARD J. DURBIN,DEM,137,247,384
Peoria,LO002,U S Senate,,RICHARD J. DURBIN,DEM,201,374,575
Peoria,ME001,U S Senate,,RICHARD J. DURBIN,DEM,133,212,345
Peoria,ME002,U S Senate,,RICHARD J. DURBIN,DEM,104,197,301
Peoria,ME003,U S Senate,,RICHARD J. DURBIN,DEM,213,199,412
Peoria,ME004,U S Senate,,RICHARD J. DURBIN,DEM,173,121,294
Peoria,ME005,U S Senate,,RICHARD J. DURBIN,DEM,79,244,323
Peoria,MI001,U S Senate,,RICHARD J. DURBIN,DEM,11,107,118
Peoria,PR001,U S Senate,,RICHARD J. DURBIN,DEM,105,277,382
Peoria,RA001,U S Senate,,RICHARD J. DURBIN,DEM,277,198,475
Peoria,RA002,U S Senate,,RICHARD J. DURBIN,DEM,154,106,260
Peoria,RI001,U S Senate,,RICHARD J. DURBIN,DEM,127,226,353
Peoria,RI002,U S Senate,,RICHARD J. DURBIN,DEM,211,259,470
Peoria,RI003,U S Senate,,RICHARD J. DURBIN,DEM,145,291,436
Peoria,RI004,U S Senate,,RICHARD J. DURBIN,DEM,92,320,412
Peoria,RO001,U S Senate,,RICHARD J. DURBIN,DEM,71,248,319
Peoria,TI001,U S Senate,,RICHARD J. DURBIN,DEM,51,303,354
Peoria,TI002,U S Senate,,RICHARD J. DURBIN,DEM,84,284,368
Peoria,TR001,U S Senate,,RICHARD J. DURBIN,DEM,44,260,304
Peoria,WP001,U S Senate,,RICHARD J. DURBIN,DEM,132,146,278
Peoria,WP002,U S Senate,,RICHARD J. DURBIN,DEM,203,174,377
Peoria,WP003,U S Senate,,RICHARD J. DURBIN,DEM,210,201,411
Peoria,WP004,U S Senate,,RICHARD J. DURBIN,DEM,169,209,378
Peoria,AK001,U S Senate,,STEVE SAUERBERG,REP,77,212,289
Peoria,BR001,U S Senate,,STEVE SAUERBERG,REP,32,133,165
Peoria,CH001,U S Senate,,STEVE SAUERBERG,REP,122,189,311
Peoria,CH002,U S Senate,,STEVE SAUERBERG,REP,73,193,266
Peoria,CH003,U S Senate,,STEVE SAUERBERG,REP,49,125,174
Peoria,CH004,U S Senate,,STEVE SAUERBERG,REP,59,160,219
Peoria,CH005,U S Senate,,STEVE SAUERBERG,REP,83,182,265
Peoria,EL001,U S Senate,,STEVE SAUERBERG,REP,28,71,99
Peoria,EL002,U S Senate,,STEVE SAUERBERG,REP,46,108,154
Peoria,EL003,U S Senate,,STEVE SAUERBERG,REP,50,117,167
Peoria,HA001,U S Senate,,STEVE SAUERBERG,REP,147,289,436
Peoria,HO001,U S Senate,,STEVE SAUERBERG,REP,52,165,217
Peoria,HO002,U S Senate,,STEVE SAUERBERG,REP,35,77,112
Peoria,JU001,U S Senate,,STEVE SAUERBERG,REP,210,299,509
Peoria,KI001,U S Senate,,STEVE SAUERBERG,REP,237,253,490
Peoria,KI002,U S Senate,,STEVE SAUERBERG,REP,34,122,156
Peoria,LI001,U S Senate,,STEVE SAUERBERG,REP,61,133,194
Peoria,LI002,U S Senate,,STEVE SAUERBERG,REP,88,131,219
Peoria,LI003,U S Senate,,STEVE SAUERBERG,REP,31,54,85
Peoria,LI004,U S Senate,,STEVE SAUERBERG,REP,79,123,202
Peoria,LI005,U S Senate,,STEVE SAUERBERG,REP,37,68,105
Peoria,LI006,U S Senate,,STEVE SAUERBERG,REP,42,57,99
Peoria,LI007,U S Senate,,STEVE SAUERBERG,REP,10,52,62
Peoria,LI008,U S Senate,,STEVE SAUERBERG,REP,85,108,193
Peoria,LI009,U S Senate,,STEVE SAUERBERG,REP,24,101,125
Peoria,LI010,U S Senate,,STEVE SAUERBERG,REP,58,149,207
Peoria,LI011,U S Senate,,STEVE SAUERBERG,REP,76,131,207
Peoria,LI012,U S Senate,,STEVE SAUERBERG,REP,87,189,276
Peoria,LI013,U S Senate,,STEVE SAUERBERG,REP,116,203,319
Peoria,LI014,U S Senate,,STEVE SAUERBERG,REP,86,138,224
Peoria,LO001,U S Senate,,STEVE SAUERBERG,REP,91,203,294
Peoria,LO002,U S Senate,,STEVE SAUERBERG,REP,87,209,296
Peoria,ME001,U S Senate,,STEVE SAUERBERG,REP,103,188,291
Peoria,ME002,U S Senate,,STEVE SAUERBERG,REP,87,157,244
Peoria,ME003,U S Senate,,STEVE SAUERBERG,REP,236,212,448
Peoria,ME004,U S Senate,,STEVE SAUERBERG,REP,213,185,398
Peoria,ME005,U S Senate,,STEVE SAUERBERG,REP,54,135,189
Peoria,MI001,U S Senate,,STEVE SAUERBERG,REP,7,93,100
Peoria,PR001,U S Senate,,STEVE SAUERBERG,REP,71,195,266
Peoria,RA001,U S Senate,,STEVE SAUERBERG,REP,252,216,468
Peoria,RA002,U S Senate,,STEVE SAUERBERG,REP,183,136,319
Peoria,RI001,U S Senate,,STEVE SAUERBERG,REP,49,111,160
Peoria,RI002,U S Senate,,STEVE SAUERBERG,REP,124,199,323
Peoria,RI003,U S Senate,,STEVE SAUERBERG,REP,46,103,149
Peoria,RI004,U S Senate,,STEVE SAUERBERG,REP,34,112,146
Peoria,RO001,U S Senate,,STEVE SAUERBERG,REP,85,208,293
Peoria,TI001,U S Senate,,STEVE SAUERBERG,REP,25,146,171
Peoria,TI002,U S Senate,,STEVE SAUERBERG,REP,55,130,185
Peoria,TR001,U S Senate,,STEVE SAUERBERG,REP,48,146,194
Peoria,WP001,U S Senate,,STEVE SAUERBERG,REP,49,45,94
Peoria,WP002,U S Senate,,STEVE SAUERBERG,REP,74,68,142
Peoria,WP003,U S Senate,,STEVE SAUERBERG,REP,45,81,126
Peoria,WP004,U S Senate,,STEVE SAUERBERG,REP,73,68,141
